,Model,Vectorizer,Max features,Accuracy,Precision,Recall,F1
0,LRL1,TFIDF,50000,0.5146449575571458,0.5662460994484279,0.5146449575571458,0.4608931324225007
1,LRL2,TFIDF,50000,0.5250456296897181,0.5676250106633967,0.5250456296897181,0.48252088107663504
2,NB,TFIDF,50000,0.528753947330301,0.5985110900725203,0.528753947330301,0.4782871545307186
3,RF,TFIDF,50000,0.47753280991974967,0.47733552416196734,0.47753280991974967,0.4593715168721356
