,Model,Vectorizer,Max features,Accuracy,Precision,Recall,F1
0,LRL1,CV,20000,0.5066199264130719,0.5533619897054249,0.5066199264130719,0.4531205302565046
1,LRL2,CV,20000,0.507257293507547,0.5426355779710658,0.507257293507547,0.45777395201512405
2,NB,CV,20000,0.5095749920329113,0.5134127413547086,0.5095749920329113,0.48327334247134224
3,RF,CV,20000,0.45983138743227975,0.44369647664206224,0.45983138743227975,0.42984825499266105
